{
	 "rootnode": {
		 "name": "RootNode"
		,"transformation": [
			 1
			,0
			,0
			,0
			,0
			,1
			,0
			,0
			,0
			,0
			,1
			,0
			,0
			,0
			,0
			,1
		]
		,"children": [
			{
				 "name": "Cube"
				,"transformation": [
					 100
					,0
					,0
					,0
					,0
					,-1.62921e-005
					,100
					,0
					,0
					,-100
					,-1.62921e-005
					,0
					,0
					,0
					,0
					,1
				]
				,"meshes": [
					 0
				]
			}
		]
	}
	,"flags": 8
	,"meshes": [
		{
			 "name": "Cube"
			,"materialindex": 0
			,"primitivetypes": 4
			,"vertices": [
				 -1
				,-1
				,0.0846971
				,-0.724923
				,-1
				,0.0846971
				,-0.724923
				,-1
				,1.10828
				,-1
				,-1
				,1.10828
				,1
				,-1
				,-0.0846971
				,1
				,-1
				,0.0846971
				,-0.724923
				,-1
				,0.0846971
				,-1
				,-1
				,0.0846971
				,-1
				,-1
				,-0.0846971
				,-1
				,-1
				,-0.0846971
				,-1
				,-1
				,0.0846971
				,-1
				,-0.709036
				,0.0846971
				,-1
				,1
				,0.0846971
				,-1
				,1
				,-0.0846971
				,-1
				,1
				,-0.0846971
				,1
				,1
				,-0.0846971
				,1
				,-1
				,-0.0846971
				,-1
				,-1
				,-0.0846971
				,1
				,1
				,-0.0846971
				,1
				,1
				,0.0846971
				,1
				,0.812484
				,0.0846971
				,1
				,-1
				,0.0846971
				,1
				,-1
				,-0.0846971
				,-1
				,1
				,-0.0846971
				,-1
				,1
				,0.0846971
				,0.83061
				,1
				,0.0846971
				,1
				,1
				,0.0846971
				,1
				,1
				,-0.0846971
				,1
				,1
				,1.10828
				,0.809802
				,0.821867
				,1.10828
				,1
				,0.812484
				,1.10828
				,1
				,0.812484
				,0.0846971
				,0.809802
				,0.821867
				,0.0846971
				,0.83061
				,1
				,0.0846971
				,-1
				,1
				,0.0846971
				,-1
				,-0.709036
				,0.0846971
				,-0.69544
				,-0.651461
				,0.0846971
				,-0.724923
				,-1
				,0.0846971
				,1
				,-1
				,0.0846971
				,1
				,1
				,0.0846971
				,0.83061
				,1
				,0.0846971
				,0.83061
				,1
				,1.10828
				,1
				,1
				,1.10828
				,-0.724923
				,-1
				,0.0846971
				,-0.69544
				,-0.651461
				,0.0846971
				,-0.69544
				,-0.651461
				,1.10828
				,-0.724923
				,-1
				,1.10828
				,1
				,0.812484
				,0.0846971
				,1
				,1
				,0.0846971
				,1
				,1
				,1.10828
				,1
				,0.812484
				,1.10828
				,0.83061
				,1
				,1.10828
				,-0.724923
				,-1
				,1.10828
				,-0.69544
				,-0.651461
				,1.10828
				,-1
				,-1
				,1.10828
				,-1
				,-0.709036
				,1.10828
				,0.83061
				,1
				,0.0846971
				,0.809802
				,0.821867
				,0.0846971
				,0.809802
				,0.821867
				,1.10828
				,0.83061
				,1
				,1.10828
				,-0.69544
				,-0.651461
				,0.0846971
				,-1
				,-0.709036
				,0.0846971
				,-1
				,-0.709036
				,1.10828
				,-0.69544
				,-0.651461
				,1.10828
				,-1
				,-0.709036
				,0.0846971
				,-1
				,-1
				,0.0846971
				,-1
				,-1
				,1.10828
				,-1
				,-0.709036
				,1.10828
				,0.809802
				,0.821867
				,0.0846971
				,1
				,0.812484
				,0.0846971
				,1
				,0.812484
				,1.10828
				,0.809802
				,0.821867
				,1.10828
			]
			,"normals": [
				 0
				,-1
				,0
				,0
				,-1
				,0
				,0
				,-1
				,0
				,0
				,-1
				,0
				,0
				,-1
				,0
				,0
				,-1
				,0
				,0
				,-1
				,0
				,0
				,-1
				,0
				,0
				,-1
				,0
				,-1
				,0
				,0
				,-1
				,0
				,0
				,-1
				,0
				,0
				,-1
				,0
				,0
				,-1
				,0
				,0
				,0
				,0
				,-1
				,0
				,0
				,-1
				,0
				,0
				,-1
				,0
				,0
				,-1
				,1
				,0
				,0
				,1
				,0
				,0
				,1
				,0
				,0
				,1
				,0
				,0
				,1
				,0
				,0
				,0
				,1
				,0
				,0
				,1
				,0
				,0
				,1
				,0
				,0
				,1
				,0
				,0
				,1
				,0
				,2.08903e-007
				,0
				,1
				,2.08903e-007
				,0
				,1
				,2.08903e-007
				,0
				,1
				,-1.92281e-009
				,0
				,1
				,-1.92281e-009
				,0
				,1
				,-1.92281e-009
				,0
				,1
				,-1.92281e-009
				,0
				,1
				,-1.92281e-009
				,0
				,1
				,-1.92281e-009
				,0
				,1
				,-1.92281e-009
				,0
				,1
				,-1.92281e-009
				,0
				,1
				,0
				,1
				,0
				,0
				,1
				,0
				,0
				,1
				,0
				,0
				,1
				,0
				,0.996441
				,-0.0842881
				,0
				,0.996441
				,-0.0842881
				,0
				,0.996441
				,-0.0842881
				,0
				,0.996441
				,-0.0842881
				,0
				,1
				,0
				,0
				,1
				,0
				,0
				,1
				,0
				,0
				,1
				,0
				,0
				,0
				,0
				,1
				,0
				,0
				,1
				,0
				,0
				,1
				,0
				,0
				,1
				,5.04462e-007
				,0
				,1
				,-0.993247
				,0.116018
				,0
				,-0.993247
				,0.116018
				,0
				,-0.993247
				,0.116018
				,0
				,-0.993247
				,0.116018
				,0
				,-0.185753
				,0.982596
				,0
				,-0.185753
				,0.982596
				,0
				,-0.185753
				,0.982596
				,0
				,-0.185753
				,0.982596
				,0
				,-1
				,0
				,0
				,-1
				,0
				,0
				,-1
				,0
				,0
				,-1
				,0
				,0
				,-0.049275
				,-0.998785
				,0
				,-0.049275
				,-0.998785
				,0
				,-0.049275
				,-0.998785
				,0
				,-0.049275
				,-0.998785
				,0
			]
			,"tangents": [
				 0
				,0
				,-1
				,0
				,0
				,-1
				,0
				,0
				,-1
				,0
				,0
				,-1
				,0
				,0
				,1
				,8.15966e-007
				,0
				,1
				,0
				,0
				,1
				,0
				,0
				,1
				,0
				,0
				,1
				,0
				,0
				,1
				,0
				,0
				,1
				,0
				,0
				,1
				,0
				,0
				,1
				,0
				,0
				,1
				,1
				,0
				,0
				,1
				,0
				,0
				,1
				,0
				,0
				,1
				,0
				,0
				,0
				,0
				,1
				,0
				,-1.50118e-005
				,1
				,0
				,0
				,1
				,0
				,0
				,1
				,0
				,0
				,1
				,0
				,0
				,1
				,0
				,0
				,1
				,0
				,0
				,1
				,0
				,0
				,1
				,0
				,0
				,1
				,-1
				,6.26711e-007
				,1.39269e-007
				,-1
				,6.26711e-007
				,1.39269e-007
				,-1
				,9.40067e-007
				,2.08903e-007
				,-1
				,1.38322e-006
				,-1.92281e-009
				,-1
				,0
				,-1.92281e-009
				,-1
				,0
				,-1.92281e-009
				,-1
				,9.63536e-009
				,-1.92281e-009
				,-1
				,-1.97556e-006
				,-1.92281e-009
				,-1
				,9.90936e-007
				,-1.92281e-009
				,-1
				,0
				,-1.92281e-009
				,-1
				,0
				,-1.92281e-009
				,0
				,0
				,-1
				,0
				,0
				,-1
				,0
				,0
				,-1
				,0
				,0
				,-1
				,0
				,0
				,-1
				,0
				,0
				,-1
				,0
				,0
				,-1
				,0
				,0
				,-1
				,0
				,0
				,-1
				,0
				,0
				,-1
				,0
				,0
				,-1
				,0
				,0
				,-1
				,-1
				,0
				,0
				,-1
				,0
				,0
				,-1
				,-4.20385e-007
				,1.68154e-007
				,-1
				,-4.20385e-007
				,1.68154e-007
				,-1
				,-1.26115e-006
				,5.04462e-007
				,0
				,0
				,1
				,0
				,0
				,1
				,0
				,0
				,1
				,0
				,0
				,1
				,0
				,0
				,1
				,0
				,0
				,1
				,0
				,0
				,1
				,0
				,0
				,1
				,0
				,0
				,-1
				,0
				,0
				,-1
				,0
				,0
				,-1
				,0
				,0
				,-1
				,0
				,0
				,1
				,0
				,0
				,1
				,0
				,0
				,1
				,0
				,0
				,1
			]
			,